,open_datetime,open_price,order_type,volume,sl,tp,close_datetime,close_price,profit,status,pnl
0,10/26/2022 17:00,1670.14,Buy,100,1665.82,1665.82,10/26/2022 17:00,1665.82,-432.00000000001637,closed,14567.999999999984
1,10/27/2022 16:45,1658.37,emaSell,100,1658.25,1658.25,10/27/2022 16:45,1658.25,11.999999999989086,closed,14579.999999999973
2,10/27/2022 17:00,1663.94,Buy,100,1663.5,1663.5,10/27/2022 17:00,1663.5,-44.00000000000546,closed,14535.999999999967
3,10/27/2022 18:00,1663.76,Buy,100,1663.5,1663.5,10/27/2022 18:00,1663.5,-25.99999999999909,closed,14509.999999999967
4,11/1/2022 1:45,1632.7,Sell,100,1633.89,1633.89,11/1/2022 1:45,1633.89,-119.00000000000546,closed,14390.999999999964
5,11/1/2022 2:15,1633.0,Sell,100,1633.89,1633.89,11/1/2022 2:15,1633.89,-89.00000000001,closed,14301.999999999953
6,11/1/2022 9:00,1643.24,emaBuy,100,1649.52,1649.52,11/1/2022 9:00,1649.52,627.9999999999973,closed,14929.999999999949
7,11/1/2022 9:30,1644.8,emaBuy,100,1649.52,1649.52,11/1/2022 9:30,1649.52,472.00000000000273,closed,15401.999999999953
8,11/1/2022 12:30,1649.17,Buy,100,1652.43,1652.43,11/1/2022 12:30,1652.43,325.9999999999991,closed,15727.999999999953
9,11/1/2022 17:00,1644.56,Sell,100,1649.1,1649.1,11/1/2022 17:00,1649.1,-453.99999999999636,closed,15273.999999999956
10,11/1/2022 18:30,1643.6,emaSell,100,1649.1,1649.1,11/1/2022 18:30,1649.1,-550.0,closed,14723.999999999956
11,11/1/2022 19:15,1644.58,emaSell,100,1649.1,1649.1,11/1/2022 19:15,1649.1,-451.9999999999982,closed,14271.999999999956
12,11/1/2022 21:00,1650.93,Buy,100,1653.38,1653.38,11/1/2022 21:00,1653.38,245.00000000000455,closed,14516.999999999962
13,11/2/2022 1:15,1647.02,Buy,100,1653.38,1653.38,11/2/2022 1:15,1653.38,636.0000000000127,closed,15152.999999999975
14,11/2/2022 3:00,1647.8,Buy,100,1653.38,1653.38,11/2/2022 3:00,1653.38,558.0000000000155,closed,15710.999999999989
15,11/2/2022 5:30,1650.14,Buy,100,1653.38,1653.38,11/2/2022 5:30,1653.38,324.0000000000009,closed,16034.99999999999
16,11/2/2022 9:15,1651.05,Buy,100,1653.38,1653.38,11/2/2022 9:15,1653.38,233.00000000001546,closed,16268.000000000007
17,11/2/2022 18:00,1647.42,emaSell,100,1648.66,1648.66,11/2/2022 18:00,1648.66,-124.00000000000091,closed,16144.000000000005
18,11/2/2022 21:00,1664.28,Buy,100,1664.82,1664.82,11/2/2022 21:00,1664.82,53.99999999999636,closed,16198.000000000002
19,11/2/2022 22:00,1648.34,emaSell,100,1633.72,1633.72,11/2/2022 22:00,1633.72,1461.999999999989,closed,17659.999999999993
20,11/3/2022 1:15,1635.75,Sell,100,1633.72,1633.72,11/3/2022 1:15,1633.72,202.99999999999727,closed,17862.99999999999
21,11/3/2022 3:15,1633.76,Sell,100,1633.72,1633.72,11/3/2022 3:15,1633.72,3.999999999996362,closed,17866.999999999985
22,11/3/2022 5:45,1636.37,Sell,100,1619.5,1619.5,11/3/2022 5:45,1619.5,1686.999999999989,closed,19553.999999999975
23,11/4/2022 1:15,1629.65,Sell,100,1629.88,1629.88,11/4/2022 1:15,1629.88,-23.00000000000182,closed,19530.99999999997
24,11/4/2022 2:15,1629.68,Sell,100,1629.88,1629.88,11/4/2022 2:15,1629.88,-20.000000000004547,closed,19510.999999999967
25,11/4/2022 4:15,1629.71,Sell,100,1631.5,1631.5,11/4/2022 4:15,1631.5,-178.99999999999636,closed,19331.99999999997
26,11/4/2022 5:30,1636.53,emaBuy,100,1678.39,1678.39,11/4/2022 5:30,1678.39,4186.000000000013,closed,23517.999999999985
27,11/8/2022 10:45,1666.94,Sell,100,1669.04,1669.04,11/8/2022 10:45,1669.04,-209.9999999999909,closed,23307.999999999993
28,11/8/2022 11:30,1671.12,Buy,100,1712.66,1712.66,11/8/2022 11:30,1712.66,4154.000000000019,closed,27462.00000000001
29,11/8/2022 13:00,1671.76,Buy,100,1712.66,1712.66,11/8/2022 13:00,1712.66,4090.000000000009,closed,31552.000000000022
30,11/11/2022 1:30,1754.24,Buy,100,1752.49,1752.49,11/11/2022 1:30,1752.49,-175.0,closed,31377.000000000022
31,11/11/2022 4:45,1752.84,Buy,100,1758.68,1758.68,11/11/2022 4:45,1758.68,584.0000000000146,closed,31961.000000000036
32,11/11/2022 6:30,1751.92,Buy,100,1758.68,1758.68,11/11/2022 6:30,1758.68,675.9999999999991,closed,32637.000000000036
33,11/11/2022 10:45,1765.36,Buy,100,1763.71,1763.71,11/11/2022 10:45,1763.71,-164.99999999998636,closed,32472.00000000005
34,11/11/2022 15:45,1765.62,Buy,100,1761.11,1761.11,11/11/2022 15:45,1761.11,-450.9999999999991,closed,32021.00000000005
35,11/15/2022 4:00,1770.28,Buy,100,1770.94,1770.94,11/15/2022 4:00,1770.94,66.00000000000819,closed,32087.00000000006
36,11/16/2022 20:30,1772.48,emaSell,100,1764.79,1764.79,11/16/2022 20:30,1764.79,769.0000000000055,closed,32856.000000000065
37,11/17/2022 12:00,1764.42,Sell,100,1761.14,1761.14,11/17/2022 12:00,1761.14,327.99999999999727,closed,33184.00000000006
38,11/21/2022 3:00,1748.72,Sell,100,1742.42,1742.42,11/21/2022 3:00,1742.42,629.9999999999955,closed,33814.00000000006
39,11/21/2022 17:00,1736.78,Sell,100,1736.6,1736.6,11/21/2022 17:00,1736.6,18.000000000006366,closed,33832.000000000065
40,11/22/2022 7:30,1741.95,Sell,100,1743.4,1743.4,11/22/2022 7:30,1743.4,-145.00000000000455,closed,33687.00000000006
41,11/22/2022 11:30,1747.46,emaBuy,100,1745.64,1745.64,11/22/2022 11:30,1745.64,-181.99999999999363,closed,33505.00000000007
42,11/22/2022 12:15,1747.21,emaBuy,100,1745.64,1745.64,11/22/2022 12:15,1745.64,-156.99999999999363,closed,33348.00000000007
43,11/22/2022 13:15,1748.3,emaBuy,100,1745.64,1745.64,11/22/2022 13:15,1745.64,-265.99999999998545,closed,33082.00000000009
44,11/22/2022 15:30,1744.32,Sell,100,1739.42,1739.42,11/22/2022 15:30,1739.42,489.99999999998636,closed,33572.00000000007
45,11/22/2022 16:45,1742.9,Sell,100,1739.42,1739.42,11/22/2022 16:45,1739.42,348.0000000000018,closed,33920.00000000008
46,11/23/2022 9:30,1743.7,emaBuy,100,1742.22,1742.22,11/23/2022 9:30,1742.22,-148.00000000000182,closed,33772.00000000008
47,11/23/2022 10:45,1739.44,Sell,100,1738.46,1738.46,11/23/2022 10:45,1738.46,98.00000000000182,closed,33870.00000000008
48,11/23/2022 12:00,1736.05,Sell,100,1738.46,1738.46,11/23/2022 12:00,1738.46,-241.00000000000819,closed,33629.00000000007
49,11/23/2022 16:45,1742.74,Buy,100,1754.53,1754.53,11/23/2022 16:45,1754.53,1178.9999999999964,closed,34808.00000000007
50,11/23/2022 17:30,1742.36,emaBuy,100,1754.53,1754.53,11/23/2022 17:30,1754.53,1217.0000000000073,closed,36025.00000000007
51,11/24/2022 8:45,1755.36,Buy,100,1755.7,1755.7,11/24/2022 8:45,1755.7,34.00000000001455,closed,36059.00000000009
52,11/24/2022 11:00,1757.76,Buy,100,1755.69,1755.69,11/24/2022 11:00,1755.69,-206.99999999999363,closed,35852.0000000001
53,11/25/2022 9:45,1751.6,emaSell,100,1750.47,1750.47,11/25/2022 9:45,1750.47,112.99999999998818,closed,35965.00000000009
54,11/25/2022 10:30,1752.08,emaSell,100,1750.47,1750.47,11/25/2022 10:30,1750.47,160.99999999999,closed,36126.00000000007
55,11/25/2022 11:30,1750.47,emaSell,100,1750.47,1750.47,11/25/2022 11:30,1750.47,0.0,closed,36126.00000000007
56,11/25/2022 13:45,1751.08,emaSell,100,1750.47,1750.47,11/25/2022 13:45,1750.47,60.999999999989996,closed,36187.000000000065
57,11/28/2022 1:15,1750.92,Sell,100,1749.95,1749.95,11/28/2022 1:15,1749.95,97.00000000000273,closed,36284.00000000007
58,11/28/2022 16:00,1751.04,emaSell,100,1742.9,1742.9,11/28/2022 16:00,1742.9,813.9999999999873,closed,37098.00000000006
59,11/29/2022 1:30,1741.24,Sell,100,1742.9,1742.9,11/29/2022 1:30,1742.9,-166.00000000000819,closed,36932.00000000005
60,11/29/2022 2:30,1741.58,Sell,100,1742.9,1742.9,11/29/2022 2:30,1742.9,-132.00000000001637,closed,36800.00000000004
61,11/29/2022 5:15,1749.63,emaBuy,100,1755.36,1755.36,11/29/2022 5:15,1755.36,572.9999999999791,closed,37373.000000000015
62,11/29/2022 20:15,1750.12,Sell,100,1749.34,1749.34,11/29/2022 20:15,1749.34,77.99999999999727,closed,37451.000000000015
63,11/30/2022 1:30,1748.88,Sell,100,1749.34,1749.34,11/30/2022 1:30,1749.34,-45.9999999999809,closed,37405.00000000003
64,11/30/2022 2:45,1751.17,emaBuy,100,1763.68,1763.68,11/30/2022 2:45,1763.68,1250.999999999999,closed,38656.00000000003
65,11/30/2022 3:30,1753.98,emaBuy,100,1763.68,1763.68,11/30/2022 3:30,1763.68,970.0000000000045,closed,39626.00000000003
66,11/30/2022 16:30,1762.33,Buy,100,1757.1,1757.1,11/30/2022 16:30,1757.1,-523.0000000000018,closed,39103.00000000003
67,11/30/2022 17:00,1752.06,Sell,100,1746.81,1746.81,11/30/2022 17:00,1746.81,525.0,closed,39628.00000000003
68,12/1/2022 6:30,1779.32,Buy,100,1779.43,1779.43,12/1/2022 6:30,1779.43,11.000000000012733,closed,39639.000000000044
69,12/2/2022 8:00,1799.16,Buy,100,1799.19,1799.19,12/2/2022 8:00,1799.19,2.9999999999972715,closed,39642.000000000044
70,12/2/2022 15:30,1783.67,emaSell,100,1790.5,1790.5,12/2/2022 15:30,1790.5,-682.9999999999927,closed,38959.000000000044
71,12/2/2022 17:15,1782.29,emaSell,100,1790.5,1790.5,12/2/2022 17:15,1790.5,-821.0000000000036,closed,38138.000000000044
72,12/2/2022 18:45,1795.57,Buy,100,1807.49,1807.49,12/2/2022 18:45,1807.49,1192.0000000000073,closed,39330.00000000005
73,12/2/2022 21:15,1795.21,Buy,100,1807.49,1807.49,12/2/2022 21:15,1807.49,1227.9999999999973,closed,40558.000000000044
74,12/5/2022 15:30,1793.29,emaSell,100,1769.36,1769.36,12/5/2022 15:30,1769.36,2393.0000000000064,closed,42951.00000000006
75,12/6/2022 7:30,1769.31,Sell,100,1772.66,1772.66,12/6/2022 7:30,1772.66,-335.00000000001364,closed,42616.000000000044
76,12/9/2022 12:00,1793.89,Buy,100,1801.46,1801.46,12/9/2022 12:00,1801.46,756.9999999999936,closed,43373.00000000003
77,12/9/2022 18:15,1802.62,Buy,100,1798.55,1798.55,12/9/2022 18:15,1798.55,-406.99999999999363,closed,42966.000000000044
78,12/12/2022 3:00,1791.32,emaSell,100,1787.64,1787.64,12/12/2022 3:00,1787.64,367.99999999998363,closed,43334.00000000002
79,12/12/2022 3:30,1791.34,emaSell,100,1787.64,1787.64,12/12/2022 3:30,1787.64,369.9999999999818,closed,43704.0
80,12/12/2022 9:45,1791.3,Buy,100,1793.64,1793.64,12/12/2022 9:45,1793.64,234.00000000001455,closed,43938.000000000015
81,12/12/2022 11:00,1791.06,emaBuy,100,1793.64,1793.64,12/12/2022 11:00,1793.64,258.00000000001546,closed,44196.00000000003
82,12/12/2022 11:30,1791.67,emaBuy,100,1793.64,1793.64,12/12/2022 11:30,1793.64,197.00000000000273,closed,44393.00000000004
83,12/12/2022 14:45,1789.39,Sell,100,1782.08,1782.08,12/12/2022 14:45,1782.08,731.0000000000173,closed,45124.00000000006
84,12/13/2022 1:15,1781.56,Sell,100,1782.08,1782.08,12/13/2022 1:15,1782.08,-51.99999999999818,closed,45072.00000000006
85,12/13/2022 2:15,1781.29,Sell,100,1782.08,1782.08,12/13/2022 2:15,1782.08,-78.99999999999636,closed,44993.00000000006
86,12/13/2022 5:30,1783.14,Sell,100,1783.38,1783.38,12/13/2022 5:30,1783.38,-24.00000000000091,closed,44969.00000000006
87,12/13/2022 9:00,1787.44,emaBuy,100,1786.73,1786.73,12/13/2022 9:00,1786.73,-71.00000000000364,closed,44898.00000000006
88,12/13/2022 11:00,1784.42,Sell,100,1786.34,1786.34,12/13/2022 11:00,1786.34,-191.99999999998454,closed,44706.00000000007
89,12/14/2022 22:00,1812.12,Buy,100,1806.39,1806.39,12/14/2022 22:00,1806.39,-572.9999999999791,closed,44133.000000000095
90,12/14/2022 22:30,1808.83,Buy,100,1806.39,1806.39,12/14/2022 22:30,1806.39,-243.99999999998272,closed,43889.00000000012
91,12/15/2022 1:00,1807.57,Buy,100,1806.39,1806.39,12/15/2022 1:00,1806.39,-117.99999999998363,closed,43771.00000000013
92,12/15/2022 3:15,1802.79,emaSell,100,1794.45,1794.45,12/15/2022 3:15,1794.45,833.9999999999918,closed,44605.000000000124
93,12/15/2022 9:30,1790.68,Sell,100,1781.16,1781.16,12/15/2022 9:30,1781.16,951.9999999999982,closed,45557.000000000124
94,12/16/2022 16:45,1792.2,emaBuy,100,1792.14,1792.14,12/16/2022 16:45,1792.14,-5.999999999994543,closed,45551.00000000013
95,12/19/2022 2:30,1793.92,Buy,100,1792.12,1792.12,12/19/2022 2:30,1792.12,-180.0000000000182,closed,45371.00000000012
96,12/19/2022 17:30,1789.84,emaSell,100,1786.41,1786.41,12/19/2022 17:30,1786.41,342.99999999998363,closed,45714.000000000095
97,12/20/2022 8:00,1789.58,Buy,100,1804.7,1804.7,12/20/2022 8:00,1804.7,1512.0000000000118,closed,47226.0000000001
98,12/20/2022 15:45,1805.69,Buy,100,1815.6,1815.6,12/20/2022 15:45,1815.6,990.9999999999854,closed,48217.00000000009
99,12/20/2022 21:45,1818.66,Buy,100,1818.24,1818.24,12/20/2022 21:45,1818.24,-42.000000000007276,closed,48175.00000000008
100,12/21/2022 2:00,1818.42,Buy,100,1818.24,1818.24,12/21/2022 2:00,1818.24,-18.000000000006366,closed,48157.00000000007
101,12/21/2022 2:45,1818.1,Buy,100,1818.24,1818.24,12/21/2022 2:45,1818.24,14.000000000010004,closed,48171.00000000008
102,12/22/2022 4:45,1818.36,Buy,100,1819.37,1819.37,12/22/2022 4:45,1819.37,100.99999999999909,closed,48272.00000000008
103,12/22/2022 10:45,1817.96,Buy,100,1814.87,1814.87,12/22/2022 10:45,1814.87,-309.00000000001455,closed,47963.000000000065
104,12/23/2022 18:00,1802.63,emaBuy,100,1799.35,1799.35,12/23/2022 18:00,1799.35,-328.00000000002,closed,47635.000000000044
105,12/23/2022 21:30,1796.49,Sell,100,1797.72,1797.72,12/23/2022 21:30,1797.72,-123.00000000000182,closed,47512.000000000044
106,12/23/2022 22:15,1796.27,Sell,100,1797.72,1797.72,12/23/2022 22:15,1797.72,-145.00000000000455,closed,47367.000000000044
107,12/27/2022 2:00,1803.03,Buy,100,1810.01,1810.01,12/27/2022 2:00,1810.01,698.0000000000018,closed,48065.000000000044
108,12/27/2022 3:00,1803.02,Buy,100,1810.01,1810.01,12/27/2022 3:00,1810.01,699.0000000000009,closed,48764.000000000044
109,12/27/2022 3:30,1802.28,Buy,100,1810.01,1810.01,12/27/2022 3:30,1810.01,773.0000000000018,closed,49537.000000000044
